num_topics,likelihood
2,-301.7673207418115
3,-359.71865087936095
4,-458.08317952349034
5,-502.8178509774133
6,-466.2063061031499
7,-570.154808634615
8,-591.0267498606734
9,-557.8104973313884
