num_topics,likelihood,coherence_cv,coherence_umass,coherence_uci,perplexity
2,-1081.7886364118724,0.22050510349084831,-13.724379999203142,-12.312024693235895,-1.396633046292876
3,-1068.3325802563206,0.2205051034908483,-13.906557615131524,-12.312024693235893,-1.4665321661578998
4,-1168.120157469577,0.2205051034908483,-13.889621325543992,-12.312024693235895,-1.633577910592902
5,-1064.7247840617276,0.22050510349084834,-13.799190528738105,-12.312024693235895,-1.619948157192758
6,-1062.5569480590254,0.22050510349084831,-13.98128186149676,-12.312024693235896,-1.8017196841017067
7,-1096.3353722094048,0.2205051034908483,-13.852793135717643,-12.312024693235896,-1.8877449549121106
8,-1034.6766384514988,0.22050510349084834,-13.859140301167534,-12.312024693235895,-1.8336653828925724
9,-1066.661195476034,0.22050510349084831,-13.822465014852243,-12.312024693235895,-1.9764882143584945
