num_topics,likelihood,coherence_cv,coherence_umass,coherence_uci,perplexity,ARI
2,-302.32415022479415,0.2205051034908483,-13.967991647765,-12.312024693235895,-1.473915368259717,0.9192853128937568
3,-364.47065932293685,0.2205051034908483,-13.767439729531013,-12.312024693235893,-1.4967155886060644,1.0
4,-375.384128621809,0.22050510349084834,-13.804751389115989,-12.312024693235895,-1.488410741733199,1.0
5,-539.0296799635103,0.22050510349084834,-13.809686732224751,-12.312024693235895,-1.7036223107517723,0.7742750476101841
6,-514.210144591325,0.22050510349084831,-13.85783076353777,-12.312024693235896,-1.7137906493002704,0.7963700673703145
7,-513.2953131900758,0.2205051034908483,-13.93275525385043,-12.312024693235896,-1.8041608287286783,0.8654966310752661
8,-543.6002878911627,0.22050510349084834,-13.917808724203535,-12.312024693235895,-1.8570136563347943,0.7923902843361939
9,-495.44739069563536,0.22050510349084834,-13.770843840832693,-12.312024693235895,-1.85584503191353,0.9236961587913273
