pred_topic,Distance to TSS
0,10507.65313531353
1,14516.180467091295
2,7948.604905865315
3,12410.898398624808
4,14177.099056603774
5,3197.7988658819486
