pred_topic,Distance to TSS
0,4502.601641744222
1,13257.3797994973
2,9323.087633731906
