pred_topic,Distance to TSS
0,4569.273918741808
1,11395.484731906708
2,14093.757670097915
3,10844.308157099698
4,7686.014361224693
5,18664.814219558702
6,1909.5975420940586
