pred_topic,Distance to TSS
0,12797.450877192983
1,14506.232014232404
2,2761.268947015426
3,8357.810288582183
4,10417.31886825204
