pred_topic,Distance to TSS
0,7812.801425559683
1,4482.531433880458
2,7229.902914657161
3,12173.147535186365
4,18768.452931067404
5,1980.043289101588
6,12896.077607788595
7,16633.601785059298
8,3602.9620535714284
