pred_topic,Distance to TSS
0,14754.53861300843
1,14341.724912739965
2,10943.329517896984
3,2582.104043432461
4,6267.464968152866
5,8281.128138290574
6,14787.465700483091
