pred_topic,Distance to TSS
0,13566.325972006221
1,6015.194524959742
