pred_topic,Distance to TSS
0,8405.107924061082
1,14676.913836739319
2,4900.2615803814715
