pred_topic,Distance to TSS
0,10336.827238753016
1,9386.069989336027
