pred_topic,Distance to TSS
0,2570.590676691729
1,15994.71654553228
2,13007.36152352972
3,7214.951656441718
4,16064.661142758501
5,6171.437416998672
