pred_topic,Distance to TSS
0,14298.025337778558
1,6228.789841772152
