pred_topic,Distance to TSS
0,7051.670250896057
1,15927.064196428571
2,3717.180417274399
3,16847.19351822998
4,11687.950094963651
