pred_topic,Distance to TSS
0,8463.277139874739
1,6244.496544502618
2,7802.244552678801
3,2427.4521997034108
4,15144.642462845011
5,12701.413850879642
6,18258.939466158245
7,5452.679936933386
8,13203.386316942884
