pred_topic,Distance to TSS
0,7884.539415160405
1,5036.3559942224365
2,7352.487840877144
3,14610.568292193459
