pred_topic,Distance to TSS
0,9413.750599904015
1,13333.580353999296
2,5699.994911729569
