pred_topic,Distance to TSS
0,18485.013507896925
1,3684.272510288066
2,13249.341390160183
3,7424.695706285003
4,9176.10775411812
5,5821.993518278455
