pred_topic,Distance to TSS
0,2434.841553309522
1,7948.41144071891
2,18130.266841278157
3,7949.766766917293
4,13001.96512109907
5,12687.666191155493
