pred_topic,Distance to TSS
0,8092.800646756706
1,3190.4531349458944
2,13205.470538001708
3,14040.60226823157
4,6996.582650844058
5,16988.682325632806
6,7318.073547215497
