pred_topic,Distance to TSS
0,6165.151416926089
1,14243.573334254907
