pred_topic,Distance to TSS
0,2987.380378185804
1,9769.220801658605
2,14656.880425338244
3,9613.351438962682
