pred_topic,Distance to TSS
0,9004.797978878369
1,14232.331940894072
2,16582.60238095238
3,11290.427463255308
4,12247.11234705228
5,3122.4487636003955
6,7305.059283727399
7,5550.8230088495575
