pred_topic,Distance to TSS
0,14143.938426626324
1,6465.861005492185
2,3202.8952965235176
3,1899.05688469042
4,15558.44450025113
5,17324.353655094554
6,12915.25620102325
7,13538.78450430436
8,8231.3633
