pred_topic,Distance to TSS
0,13530.684241741297
1,2305.1118460019743
2,13768.29940795038
3,17367.01802343046
4,14255.642857142857
5,6725.8215044623885
6,8594.423685812868
7,3949.377959413754
