pred_topic,Distance to TSS
0,14327.649150913168
1,10258.880065032516
2,2984.3060230292294
3,9133.318412721785
