pred_topic,Distance to TSS
0,13088.673067915692
1,12077.198188245691
2,15453.95077338571
3,8666.348129767484
4,4496.180642927224
