pred_topic,Distance to TSS
0,14315.66308087627
1,11424.3630707582
2,8650.966309098132
3,3872.3221160228327
