pred_topic,Distance to TSS
0,13878.744922219958
1,8339.221587055517
2,5253.158838599487
3,2507.775421232473
4,15221.5889698231
5,9105.30897618563
6,16591.634636665436
7,8921.77899733017
