pred_topic,Distance to TSS
0,6870.059758934236
1,11445.936061972483
2,12330.9782741628
