pred_topic,Distance to TSS
0,3285.020829889238
1,14491.705743387165
2,9098.656305348919
3,9822.244269340974
4,6175.478490566038
