num_topics,likelihood
2,-18068.728802235655
3,-24259.491999566286
4,-32063.50715062038
5,-39058.58057453927
6,-40719.22278258542
7,-42448.17234963217
8,-47916.77558382828
9,-52662.875742563214
