num_topics,likelihood,coherence_cv,coherence_umass,coherence_uci,perplexity
2,-122206.80656932936,0.5334821022864392,-1.598256008605613,0.40211662099740747,-5.098912979494928
3,-55112.058259756304,0.6902576133873568,-1.3980171924383198,0.7072157039867171,-4.963667029719087
4,-38987.21783912795,0.5946756924650776,-1.5983506282200202,0.5505781481912936,-4.901448440125179
5,-34609.88636204785,0.6461034558348699,-1.500367262102756,0.6864537450005528,-4.860747754451451
6,-25963.635007100645,0.6490260445774294,-1.6075359101105107,0.687767750319011,-4.823758756106599
7,-23105.61248037795,0.6645737128861938,-1.5037129573544792,0.7687222246679515,-4.757601908013544
8,-19761.368320243397,0.6820292393079928,-1.6411356672497726,0.8404027637600673,-4.713399039540757
9,-18402.08843709904,0.75452864641901,-1.4872065636765726,1.0449297036368281,-4.643764006453906
